photo,label
0.png,0
1.png,0
2.png,0
3.png,0
4.png,0
5.png,0
6.png,0
7.png,0
8.png,0
9.png,0
10.png,0
11.png,0
12.png,0
13.png,0
14.png,0
15.png,0
16.png,0
17.png,0
18.png,0
19.png,0
20.png,0
21.png,0
22.png,0
23.png,0
24.png,0
25.png,0
26.png,0
27.png,0
28.png,0
29.png,0
30.png,0
31.png,0
32.png,3
33.png,3
34.png,3
35.png,3
36.png,3
37.png,3
38.png,3
39.png,3
40.png,3
41.png,3
42.png,3
43.png,3
44.png,3
45.png,3
46.png,3
47.png,3
48.png,3
49.png,3
50.png,3
51.png,3
52.png,3
53.png,3
54.png,3
55.png,3
56.png,3
57.png,3
58.png,3
59.png,3
60.png,3
61.png,3
62.png,3
63.png,3
64.png,3
65.png,3
66.png,3
67.png,3
68.png,3
69.png,3
70.png,3
71.png,3
72.png,3
73.png,3
74.png,3
75.png,3
76.png,2
77.png,2
78.png,2
79.png,2
80.png,2
81.png,2
82.png,2
83.png,2
84.png,2
85.png,2
86.png,2
87.png,2
88.png,2
89.png,2
90.png,2
91.png,2
92.png,2
93.png,2
94.png,2
95.png,2
96.png,2
97.png,2
98.png,2
99.png,2
100.png,2
101.png,2
102.png,2
103.png,2
104.png,2
105.png,2
106.png,2
107.png,2
108.png,2
109.png,2
110.png,2
111.png,2
112.png,2
113.png,2
114.png,2
115.png,2
116.png,2
117.png,2
118.png,1
119.png,1
120.png,1
121.png,1
122.png,1
123.png,1
124.png,1
125.png,1
126.png,1
127.png,1
128.png,1
129.png,1
130.png,1
131.png,1
132.png,1
133.png,1
134.png,1
135.png,1
136.png,1
137.png,1
138.png,1
139.png,1
140.png,1
141.png,1
142.png,1
143.png,1
144.png,1
145.png,1
146.png,1
147.png,1
148.png,1
149.png,1
150.png,1
151.png,1
152.png,1
153.png,1
154.png,1
155.png,1
156.png,1
157.png,4
158.png,4
159.png,4
160.png,4
161.png,4
162.png,4
163.png,4
164.png,4
165.png,4
166.png,4
167.png,4
168.png,4
169.png,4
170.png,4
171.png,4
172.png,4
173.png,4
174.png,4
175.png,4
176.png,4
177.png,4
178.png,4
179.png,4
180.png,4
181.png,4
182.png,4
183.png,4
184.png,4
185.png,4
186.png,4
187.png,4
188.png,4
189.png,4
190.png,4
191.png,4
192.png,4
193.png,4
194.png,4
195.png,4
196.png,4
197.png,4
